{
    "hp": 100.0,
    "maxHp": 0.0,
    "defence": 0.10000000149011612,
    "level": 1,
    "currentExp": 0,
    "currentClass": 0,
    "autoCriticalRate": 0.10000000149011612,
    "autoCriticalMagnification": 1.75
}